{"x":{"times":[0,0.327,0.509,0.666,0.83,0.998,1.167,1.344,1.498,1.655,1.82,1.976,2.137,2.436,2.602,2.76,2.922,3.085,3.242,3.404,3.571,3.733,3.897,4.056,4.213,4.371,4.531,4.69,4.861,5.022,5.178,5.332,5.497,5.664,5.832,5.996,6.159,6.325,6.487,6.66,6.827,6.994,7.148,7.345,7.514,7.691,7.861,8.062,8.217,8.374,8.564,8.729],"values":[-0.01942289884807391,0.04527248813565621,-0.020728905307922096,-0.04220457683935652,-0.04313686668410888,-0.015871040314022256,0.035140460302012455,0.08005623667826889,0.11722173604927477,0.15238453657592588,0.027504289812421256,-0.050114665316044305,-0.0950977237775763,0.018867443143305906,0.050413752439527504,0.015800360628539734,-0.0075417953960306705,-0.033111764157379375,-0.035307485916284076,-0.04541299866941639,-0.015198985853461744,0.013063940788749506,0.0016705120575792876,0.007668181700092758,0.03284747067634475,0.04207311148257864,-0.0058693110068538945,0.012214774193917366,0.019126557795624777,0.04860979994406778,0.04252786373098005,0.027094088431562247,0.03946976459551632,0.05330317492479719,0.03901236501806893,0.03086925530805351,-0.0006028790919438975,0.012374005169309754,0.03694608363760277,0.04465925829801709,0.03912253837581248,0.037041786164564106,0.036930254296874354,0.031600198324025275,0.010734094514213588,0.014657811568580592,0.021445016631084002,0.019829937423610722,0.029144195317374666,0.027372184113485742,0.030000777645414978,0.02674600073537814]},"y":{"times":[0,0.327,0.509,0.666,0.83,0.998,1.167,1.344,1.498,1.655,1.82,1.976,2.137,2.436,2.602,2.76,2.922,3.085,3.242,3.404,3.571,3.733,3.897,4.056,4.213,4.371,4.531,4.69,4.861,5.022,5.178,5.332,5.497,5.664,5.832,5.996,6.159,6.325,6.487,6.66,6.827,6.994,7.148,7.345,7.514,7.691,7.861,8.062,8.217,8.374,8.564,8.729],"values":[0.05927067412206955,-0.13013044681075148,-0.04242345008731508,-0.009529479662290527,0.012451255792694531,0.06388168882445551,0.12771761563989587,0.09949082586274159,0.10931378307948408,0.003091525351176773,-0.04282875360832922,-0.048896709130333865,-0.027755569324143935,0.09841135067728743,0.05816300243607495,0.03530349859382309,0.013347495165325058,-0.008302094171781,-0.010158455687167408,0.0004035391673957268,0.009564424336743147,0.033089591188967926,0.024177900216075823,-0.0656094519124157,-0.10242746176713137,-0.11713791055215866,-0.05708049181463937,0.033374179463101596,0.08877349660157847,0.10730053168818166,0.06298573795170424,0.0012375449638502658,-0.03600487772999353,-0.03118732482791751,-0.01980935286660375,-0.011268678438450561,-0.004842972716718118,0.009419612508601714,0.012761302148458237,0.00986723939787572,0.010117087739816321,0.01029995829239443,0.008885570810861613,0.0035250466158663566,-0.005658866134297855,-0.0008844596502831143,-0.0006879565657377942,-0.0005416273733326658,0.00020177296782845563,-0.00016703637166023272,0.0004292006280695678,-0.0007142321517910306]}}